{
  "par_rates": [0.03405, 0.03164, 0.02914, 0.02753],
  "par_maturities": [2, 3, 5, 10],
  "projection": [1, 151],
  "ufr": 0.0345,
  "alpha0": 0.05,
  "convergence_maturity": 20,
  "tol": 1E-4
}