{
  "par_rates": [0.0363, 0.033716, 0.030886, 0.02917],
  "par_maturities": [2, 3, 5, 10]
}
